"slno","topic","description","longDescription"
"1","Setup and Config","",""
"1.01","git","",""
"1.02","config","",""
"1.03","help","",""
"1.04","bugreport","",""
"2","Getting and Creating Projects","",""
"2.01","init","",""
"2.02","clone","",""
"3","Basic Snapshotting","",""
"3.01","add","",""
"3.02","status","",""
"3.03","diff","",""
"3.04","commit","",""
"3.05","notes","",""
"3.06","restore","",""
"3.07","reset","",""
"3.08","rm","",""
"3.09","mv","",""
"4","Branching and Merging","",""
"4.01","branch","",""
"4.02","checkout","",""
"4.03","switch","",""
"4.04","merge","",""
"4.05","mergetool","",""
"4.06","log","",""
"4.07","stash","",""
"4.08","tag","",""
"4.09","worktree","",""
"5","Sharing and Updating Projects","",""
"5.01","fetch","",""
"5.02","pull","",""
"5.03","push","",""
"5.04","remote","",""
"5.05","submodule","",""
"6","Inspection and Comparison","",""
"6.01","show","",""
"6.02","log","",""
"6.03","diff","",""
"6.04","difftool","",""
"6.05","range-diff","",""
"6.06","shortlog","",""
"6.07","describe","",""
"7","Patching","",""
"7.01","apply","",""
"7.02","cherry-pick","",""
"7.03","diff","",""
"7.04","rebase","",""
"7.05","revert","",""
"8","Debugging","",""
"8.01","bisect","",""
"8.02","blame","",""
"8.03","grep","",""
"9","Guides","",""
"9.01","gitattributes","",""
"9.02","Command-line interface conventions","",""
"9.03","Everyday Git","",""
"9.04","Frequently Asked Questions (FAQ)","",""
"9.05","Glossary","",""
"9.06","Hooks","",""
"9.07","gitignore","",""
"9.08","gitmodules","",""
"9.09","Revisions","",""
"9.1","Submodules","",""
"9.11","Tutorial","",""
"9.12","Workflows","",""
"9.13","All guides...","",""
"10","Email","",""
"10.01","am","",""
"10.02","apply","",""
"10.03","format-patch","",""
"10.04","send-email","",""
"10.05","request-pull","",""
"11","External Systems","",""
"11.01","svn","",""
"11.02","fast-import","",""
"12","Administration","",""
"12.01","clean","",""
"12.02","gc","",""
"12.03","fsck","",""
"12.04","reflog","",""
"12.05","filter-branch","",""
"12.06","instaweb","",""
"12.07","archive","",""
"12.08","bundle","",""
"13","Server Admin","",""
"13.01","daemon","",""
"13.02","update-server-info","",""
"14","Plumbing Commands","",""
"14.01","cat-file","",""
"14.02","check-ignore","",""
"14.03","checkout-index","",""
"14.04","commit-tree","",""
"14.05","count-objects","",""
"14.06","diff-index","",""
"14.07","for-each-ref","",""
"14.08","hash-object","",""
"14.09","ls-files","",""
"15","ls-tree","",""
"15.01","merge-base","",""
"15.02","read-tree","",""
"15.03","rev-list","",""
"15.04","rev-parse","",""
"15.05","show-ref","",""
"15.06","symbolic-ref","",""
"15.07","update-index","",""
"15.08","update-ref","",""
"15.09","verify-pack","",""
"15.1","write-tree","",""
"","",""
